{"cameraMode":{"drawMode":0,"name":"Shaded","section":"Shading Mode"},"sceneLighting":true,"audioPlay":false,"sceneViewState":{"m_AlwaysRefresh":false,"showFog":true,"showSkybox":true,"showFlares":true,"showImageEffects":true,"showParticleSystems":true,"showVisualEffectGraphs":true,"m_FxEnabled":true},"in2DMode":false,"pivot":{"x":5.768486022949219,"y":-7.460021018981934,"z":11.450479507446289},"rotation":{"x":0.2793630361557007,"y":0.27336129546165469,"z":-0.08330698311328888,"w":0.9166962504386902},"size":12.754556655883789,"orthographic":false}