{"cameraMode":{"drawMode":0,"name":"Shaded","section":"Shading Mode"},"sceneLighting":true,"audioPlay":false,"sceneViewState":{"m_AlwaysRefresh":false,"showFog":true,"showSkybox":true,"showFlares":true,"showImageEffects":true,"showParticleSystems":true,"showVisualEffectGraphs":true,"m_FxEnabled":true},"in2DMode":false,"pivot":{"x":2.9802322387695315e-8,"y":1.270885944366455,"z":3.8185648918151857},"rotation":{"x":0.19834624230861665,"y":0.23584020137786866,"z":-0.04923343285918236,"w":0.950093686580658},"size":1.344972014427185,"orthographic":false}